key,run,display,modality,epochs,split,ATE_xy,ATE_xy_len0-15m,ATE_xy_len15-30m,ATE_xy_len>30m,ATE_z,ATE_z_len0-15m,ATE_z_len15-30m,ATE_z_len>30m,ATE_z_median,ATE_z_median_len0-15m,ATE_z_median_len15-30m,ATE_z_median_len>30m,boat_AOE,boat_AOE180,boat_AOE_0-50m,boat_AOE_100-160m,boat_AOE_50-100m,boat_AOE_pitch,boat_AOE_roll,boat_AP3D,boat_AP3D_0-50m,boat_AP3D_100-160m,boat_AP3D_50-100m,boat_AP3D_day,boat_AP3D_fov,boat_AP3D_len0-15m,boat_AP3D_len15-30m,boat_AP3D_len>30m,boat_AP3D_night,boat_AP3D_nonfov,boat_APBEV,boat_APdist,boat_APdist_10m,boat_APdist_20m,boat_APdist_2m,boat_APdist_5m,buoy_AOE,buoy_AOE180,buoy_AOE_0-50m,buoy_AOE_100-160m,buoy_AOE_50-100m,buoy_AOE_pitch,buoy_AOE_roll,buoy_AP3D,buoy_AP3D_0-50m,buoy_AP3D_100-160m,buoy_AP3D_50-100m,buoy_AP3D_day,buoy_AP3D_fov,buoy_AP3D_len0-15m,buoy_AP3D_len15-30m,buoy_AP3D_len>30m,buoy_AP3D_night,buoy_AP3D_nonfov,buoy_APBEV,buoy_APdist,buoy_APdist_10m,buoy_APdist_20m,buoy_APdist_2m,buoy_APdist_5m,gap_BEV_3D,mAOE,mAOE_pitch,mAOE_roll,mAP3D,mAP3D_day,mAP3D_fov,mAP3D_len0-15m,mAP3D_len15-30m,mAP3D_len>30m,mAP3D_night,mAP3D_nonfov,mAPBEV,mAPBEV_day,mAPBEV_fov,mAPBEV_len0-15m,mAPBEV_len15-30m,mAPBEV_len>30m,mAPBEV_night,mAPBEV_nonfov,mAPdist,sailboat_AOE,sailboat_AOE180,sailboat_AOE_0-50m,sailboat_AOE_100-160m,sailboat_AOE_50-100m,sailboat_AOE_pitch,sailboat_AOE_roll,sailboat_AP3D,sailboat_AP3D_0-50m,sailboat_AP3D_100-160m,sailboat_AP3D_50-100m,sailboat_AP3D_day,sailboat_AP3D_fov,sailboat_AP3D_len0-15m,sailboat_AP3D_len15-30m,sailboat_AP3D_len>30m,sailboat_AP3D_night,sailboat_AP3D_nonfov,sailboat_APBEV,sailboat_APdist,sailboat_APdist_10m,sailboat_APdist_20m,sailboat_APdist_2m,sailboat_APdist_5m,ship_AOE,ship_AOE180,ship_AOE_0-50m,ship_AOE_100-160m,ship_AOE_50-100m,ship_AOE_pitch,ship_AOE_roll,ship_AP3D,ship_AP3D_0-50m,ship_AP3D_100-160m,ship_AP3D_50-100m,ship_AP3D_day,ship_AP3D_fov,ship_AP3D_len0-15m,ship_AP3D_len15-30m,ship_AP3D_len>30m,ship_AP3D_night,ship_AP3D_nonfov,ship_APBEV,ship_APdist,ship_APdist_10m,ship_APdist_20m,ship_APdist_2m,ship_APdist_5m,yacht_AOE,yacht_AOE180,yacht_AOE_0-50m,yacht_AOE_100-160m,yacht_AOE_50-100m,yacht_AOE_pitch,yacht_AOE_roll,yacht_AP3D,yacht_AP3D_0-50m,yacht_AP3D_100-160m,yacht_AP3D_50-100m,yacht_AP3D_day,yacht_AP3D_fov,yacht_AP3D_len0-15m,yacht_AP3D_len15-30m,yacht_AP3D_len>30m,yacht_AP3D_night,yacht_AP3D_nonfov,yacht_APBEV,yacht_APdist,yacht_APdist_10m,yacht_APdist_20m,yacht_APdist_2m,yacht_APdist_5m
gn_tfl,bench_gn_tfl,TransFusion-L,L,20,val,1.5522,1.2002,1.6453,2.2703,0.9182,0.8547,0.9613,0.9789,0.7567,0.6864,0.824,0.7744,40.8044,12.3627,45.1647,32.9159,44.2075,nan,nan,0.263,0.3806,0.1522,0.2883,0.2965,0.1799,0.29,0.2794,0.1685,0.2176,0.2738,0.5118,0.777,0.8548,0.8847,0.578,0.7905,114.8143,20.8584,99.9383,81.0451,130.3929,nan,nan,0.9293,0.9725,0.7197,0.9214,0.8907,0.9264,0.9293,nan,nan,1.0,0.9123,0.9296,0.9305,0.9307,0.9307,0.9296,0.9307,0.1176,54.5779,nan,nan,0.2712,0.278,0.222,0.3535,0.1749,0.0645,0.3318,0.2724,0.3888,0.3918,0.2698,0.4863,0.556,0.1024,0.4937,0.3972,0.5483,60.0375,15.1844,41.0707,82.2919,57.0082,nan,nan,0.1266,0.2337,0.0181,0.1376,0.1486,0.0039,0.1826,0.0704,0.0,0.0968,0.135,0.4394,0.7329,0.7807,0.8021,0.5923,0.7563,42.9929,35.0289,nan,35.7898,46.0657,nan,nan,0.025,nan,0.007,0.0373,0.0365,0.0,nan,nan,0.025,0.013,0.0276,0.0472,0.2792,0.3583,0.4234,0.1013,0.234,14.2405,11.0503,nan,17.5725,13.2289,nan,nan,0.0121,nan,0.0001,0.0213,0.0179,0.0,0.0121,nan,nan,nan,0.0136,0.0158,0.0221,0.0221,0.0233,0.0209,0.0221
gn_tfl,bench_gn_tfl,TransFusion-L,L,20,test,1.508,1.1745,1.5792,2.1835,0.8704,0.865,0.828,1.0093,0.6344,0.6566,0.5774,0.7521,43.3807,12.0748,75.4954,46.7208,35.1866,nan,nan,0.2828,0.2532,0.1133,0.3812,0.2711,0.1851,0.1986,0.3703,0.2233,0.3058,0.3143,0.5624,0.8065,0.8767,0.8975,0.6241,0.8275,28.9498,19.5932,nan,34.4543,25.853,nan,nan,0.7825,nan,0.6092,0.8588,0.7261,0.4471,0.7825,nan,nan,0.9382,0.814,0.7891,0.7999,0.8036,0.8036,0.7891,0.8036,0.1118,44.6099,nan,nan,0.2399,0.2175,0.138,0.2858,0.245,0.1119,0.3573,0.2559,0.3517,0.3249,0.2293,0.4618,0.4304,0.1567,0.4919,0.3652,0.5829,55.3517,15.3279,47.3678,93.9721,41.1587,nan,nan,0.1192,0.4133,0.0093,0.1238,0.071,0.0009,0.1475,0.1197,nan,0.185,0.1512,0.2911,0.6228,0.6804,0.7241,0.4414,0.6455,60.3991,50.1481,nan,60.4074,nan,nan,nan,0.0005,nan,0.0006,nan,0.0008,0.0014,nan,nan,0.0005,0.0,0.0,0.0025,0.2856,0.3624,0.3763,0.0968,0.307,34.9685,19.3028,nan,34.8223,37.2907,nan,nan,0.0146,nan,0.0,0.0197,0.0183,0.0555,0.0146,nan,nan,nan,0.0,0.1134,0.3997,0.4417,0.4771,0.3178,0.362
gn_cp,bench_gn_cp,CenterPoint,L,20,val,1.415,1.1462,1.5034,2.0534,0.7412,0.6978,0.7714,0.7951,0.6129,0.5768,0.6554,0.617,34.1005,12.8538,37.3157,29.7984,35.0929,nan,nan,0.2866,0.3802,0.194,0.3086,0.2851,0.2107,0.3062,0.3338,0.1615,0.2894,0.2947,0.5127,0.7649,0.8382,0.8723,0.575,0.7743,62.6134,19.8076,101.077,28.073,53.6209,nan,nan,0.7822,0.9722,0.757,0.6893,0.7284,0.7523,0.7822,nan,nan,0.9999,0.8026,0.8667,0.8668,0.8668,0.8668,0.8668,0.8668,0.0976,39.4173,nan,nan,0.3439,0.3182,0.263,0.3769,0.3837,0.1424,0.4767,0.3538,0.4415,0.4116,0.3461,0.4896,0.5604,0.2051,0.5942,0.4453,0.6204,31.6336,17.6687,24.2857,23.9897,34.3332,nan,nan,0.2919,0.4562,0.0766,0.3218,0.3005,0.0186,0.2659,0.4336,0.0603,0.2843,0.3142,0.3669,0.7016,0.7705,0.7922,0.5105,0.7331,13.8005,13.1227,nan,11.1941,15.0144,nan,nan,0.2055,nan,0.4584,0.133,0.1235,0.3334,nan,nan,0.2055,0.3332,0.204,0.2919,0.4645,0.5479,0.644,0.2479,0.4184,54.9385,33.9297,nan,42.8908,56.6894,nan,nan,0.1532,nan,0.0,0.2262,0.1536,0.0,0.1532,nan,nan,nan,0.1533,0.1693,0.304,0.3046,0.311,0.2961,0.3042
gn_cp,bench_gn_cp,CenterPoint,L,20,test,1.3706,1.0755,1.5019,1.8674,0.7452,0.6752,0.7542,0.9388,0.5245,0.4972,0.5029,0.7347,37.9722,13.08,66.2295,45.7343,27.7127,nan,nan,0.3186,0.2999,0.1419,0.4173,0.2931,0.234,0.2782,0.3803,0.2255,0.3652,0.3399,0.5277,0.7839,0.844,0.8746,0.6133,0.8037,24.8845,16.4721,nan,40.7327,16.0571,nan,nan,0.7574,nan,0.6331,0.8281,0.7342,0.5488,0.7574,nan,nan,0.9181,0.7857,0.7813,0.7911,0.7922,0.7922,0.7879,0.7922,0.0839,29.1728,nan,nan,0.346,0.2956,0.2523,0.3499,0.3148,0.258,0.5084,0.3843,0.4299,0.371,0.3569,0.4814,0.4339,0.3041,0.5994,0.4643,0.6316,42.9049,15.0545,8.2309,34.0962,51.9352,nan,nan,0.2006,0.33,0.0508,0.2265,0.1603,0.0402,0.201,0.2493,nan,0.2669,0.231,0.2875,0.6848,0.7614,0.7904,0.4696,0.7177,22.9714,13.6079,nan,23.012,nan,nan,nan,0.2904,nan,0.2933,nan,0.1271,0.122,nan,nan,0.2904,0.4833,0.4784,0.3123,0.483,0.5141,0.5496,0.3848,0.4836,17.1306,11.9723,nan,23.3096,15.2716,nan,nan,0.1632,nan,0.0107,0.218,0.1633,0.3165,0.1632,nan,nan,nan,0.0864,0.2408,0.4153,0.4276,0.4626,0.3622,0.409
gn_cp_80e,bench_gn_cp_80e,CenterPoint,L,80,val,1.3096,1.042,1.4148,1.8655,0.725,0.6638,0.784,0.7436,0.5868,0.5139,0.6714,0.5597,25.4647,9.1924,34.9177,23.1456,23.7424,nan,nan,0.3769,0.4785,0.239,0.4162,0.3533,0.2665,0.3948,0.3714,0.372,0.4054,0.396,0.5939,0.7936,0.867,0.8972,0.602,0.808,51.8986,14.5393,82.3646,18.3409,45.3608,nan,nan,0.8714,0.9712,0.7338,0.8503,0.8484,0.8888,0.8714,nan,nan,1.0,0.8676,0.8926,0.8926,0.8926,0.8926,0.8926,0.8926,0.0785,26.1297,nan,nan,0.4606,0.4266,0.3327,0.4154,0.4364,0.3408,0.6461,0.4723,0.5391,0.5013,0.4057,0.5151,0.5999,0.3871,0.7446,0.5462,0.6122,41.0085,12.959,18.9845,38.3615,44.4728,nan,nan,0.3446,0.5794,0.099,0.3705,0.3617,0.0468,0.3221,0.5013,0.0136,0.3171,0.3666,0.4419,0.7368,0.8048,0.8282,0.5486,0.7657,5.3664,5.3099,nan,4.5528,4.8733,nan,nan,0.6368,nan,0.693,0.647,0.4889,0.4614,nan,nan,0.6368,0.862,0.6545,0.6929,0.5635,0.6316,0.7713,0.319,0.5321,6.9104,6.9104,nan,nan,6.9104,nan,nan,0.0733,nan,0.0,0.1026,0.0807,0.0,0.0733,nan,nan,nan,0.077,0.0743,0.0744,0.0744,0.0745,0.0743,0.0744
gn_cp_80e,bench_gn_cp_80e,CenterPoint,L,80,test,1.2399,0.9895,1.3413,1.6794,0.7219,0.6961,0.6941,0.8986,0.4984,0.4813,0.4812,0.652,26.6096,8.5395,56.5858,29.1997,18.9864,nan,nan,0.4495,0.4311,0.2583,0.5475,0.4222,0.2982,0.3911,0.5007,0.3878,0.5004,0.4923,0.6665,0.8324,0.8996,0.9139,0.6643,0.8519,18.4126,11.8364,nan,31.111,10.9958,nan,nan,0.762,nan,0.7352,0.7856,0.7771,0.4927,0.762,nan,nan,0.7159,0.7878,0.7867,0.8009,0.8016,0.8016,0.7986,0.8016,0.0793,18.7786,nan,nan,0.4814,0.4457,0.316,0.4789,0.4163,0.4249,0.5525,0.5637,0.5607,0.519,0.4463,0.5993,0.5488,0.4786,0.639,0.6262,0.6946,32.6141,10.0293,5.7805,31.5848,37.8178,nan,nan,0.3147,0.3052,0.1798,0.3552,0.2171,0.1986,0.3437,0.3319,nan,0.4473,0.3391,0.4023,0.6844,0.7459,0.7786,0.4825,0.7305,7.916,7.7179,nan,7.9462,nan,nan,nan,0.4621,nan,0.4714,nan,0.3821,0.2178,nan,nan,0.4621,0.5463,0.692,0.4787,0.562,0.6513,0.7322,0.301,0.5634,8.3407,5.1391,nan,21.488,4.3001,nan,nan,0.4188,nan,0.0602,0.587,0.4301,0.3729,0.4188,nan,nan,nan,0.5073,0.4694,0.5932,0.6116,0.6176,0.5401,0.6035
gn_bevf_lc,bench_gn_bevf_lc,BEVFusion-LC,L+C,20+6,val,1.5203,1.1648,1.6105,2.25,0.916,0.8581,0.9718,0.9261,0.7367,0.66,0.8187,0.7053,36.0752,10.0356,41.9146,27.7245,39.2308,nan,nan,0.3084,0.4121,0.2022,0.3283,0.3169,0.2257,0.3399,0.3268,0.2082,0.2953,0.3184,0.5634,0.7859,0.8628,0.8906,0.5898,0.8003,121.9366,21.3235,105.5424,76.4608,141.1716,nan,nan,0.9284,0.9952,0.7208,0.9138,0.9016,0.9133,0.9284,nan,nan,1.0,0.9074,0.9287,0.9288,0.9288,0.9288,0.9288,0.9288,0.1069,51.8377,nan,nan,0.3122,0.3333,0.2296,0.3768,0.2721,0.1051,0.3665,0.3158,0.4191,0.431,0.285,0.503,0.5942,0.1433,0.5117,0.4261,0.5606,57.0305,12.9348,25.392,76.8149,56.1789,nan,nan,0.205,0.5114,0.0258,0.2062,0.2713,0.0084,0.2267,0.2174,0.0,0.1299,0.2219,0.4624,0.7316,0.7836,0.8035,0.5814,0.7577,35.6558,28.7853,nan,41.6231,33.3037,nan,nan,0.1069,nan,0.0218,0.1499,0.1566,0.0007,nan,nan,0.107,0.0409,0.1164,0.1255,0.3391,0.4359,0.5397,0.1151,0.2658,8.4906,6.7046,nan,10.7128,8.4201,nan,nan,0.0122,nan,0.0,0.0254,0.02,0.0,0.0122,nan,nan,nan,0.015,0.0155,0.0178,0.0177,0.019,0.0165,0.0177
gn_bevf_lc,bench_gn_bevf_lc,BEVFusion-LC,L+C,20+6,test,1.4687,1.1468,1.5281,2.1419,0.8259,0.8275,0.7713,0.9793,0.6029,0.6104,0.5472,0.7496,38.6976,9.1497,69.1307,43.3338,30.4303,nan,nan,0.3523,0.3448,0.1951,0.4323,0.3382,0.267,0.2392,0.4395,0.3441,0.3671,0.3759,0.635,0.8214,0.8896,0.9086,0.6463,0.8411,56.1432,19.6585,nan,54.0941,56.7031,nan,nan,0.7973,nan,0.6848,0.8555,0.7538,0.5827,0.7973,nan,nan,0.9395,0.8244,0.8141,0.8157,0.8157,0.816,0.8155,0.8157,0.1303,47.5861,nan,nan,0.2702,0.2509,0.1945,0.3106,0.3022,0.1732,0.3777,0.2765,0.4004,0.3861,0.2993,0.5121,0.4598,0.2296,0.5091,0.4241,0.5863,46.5952,14.0256,27.6213,90.9661,31.3132,nan,nan,0.1368,0.3388,0.023,0.1539,0.088,0.0004,0.1437,0.165,nan,0.2043,0.1755,0.3106,0.6029,0.6584,0.705,0.4261,0.6222,57.9713,43.0419,nan,58.1082,nan,nan,nan,0.0024,nan,0.0024,nan,0.0074,0.0031,nan,nan,0.0024,0.0,0.0,0.0096,0.2931,0.3908,0.4023,0.0603,0.3191,38.5229,14.7323,nan,43.3291,39.5135,nan,nan,0.0622,nan,0.0,0.083,0.067,0.1193,0.0622,nan,nan,nan,0.0067,0.2329,0.3986,0.4415,0.4597,0.3256,0.3676
gn_cp_bevfuse,bench_gn_cp_bevfuse,CenterPoint + BEV-level fusion,L+C,20+6,val,1.3975,1.1333,1.4976,1.986,0.7504,0.7024,0.7952,0.7739,0.6161,0.5787,0.669,0.5805,32.3468,12.3061,41.2229,27.8677,31.9486,nan,nan,0.3113,0.3811,0.2195,0.3389,0.3042,0.243,0.3243,0.3441,0.2168,0.3183,0.318,0.5308,0.7749,0.8487,0.8808,0.5853,0.7846,60.9954,19.1263,93.0958,21.8299,56.3819,nan,nan,0.8309,0.9719,0.7808,0.7705,0.7769,0.759,0.8309,nan,nan,1.0,0.8686,0.8877,0.8877,0.8877,0.8877,0.8877,0.8877,0.0932,32.5111,nan,nan,0.375,0.3518,0.2419,0.4136,0.3728,0.1619,0.4892,0.3899,0.4682,0.4436,0.3249,0.5171,0.5545,0.2248,0.5987,0.4735,0.6432,33.3012,17.6371,19.6126,24.9822,37.0781,nan,nan,0.2985,0.5121,0.0648,0.3217,0.2932,0.0153,0.2862,0.4016,0.048,0.324,0.321,0.3748,0.6986,0.7711,0.7949,0.4954,0.7329,13.2197,13.088,nan,11.4857,14.0858,nan,nan,0.221,nan,0.4283,0.1685,0.1711,0.1924,nan,nan,0.221,0.3147,0.2264,0.3074,0.4655,0.5449,0.6529,0.2445,0.4196,22.6927,21.8794,nan,24.7213,23.5229,nan,nan,0.2133,nan,0.0,0.2875,0.2138,0.0,0.2133,nan,nan,nan,0.2155,0.2402,0.3894,0.396,0.4017,0.3649,0.3952
gn_cp_bevfuse,bench_gn_cp_bevfuse,CenterPoint + BEV-level fusion,L+C,20+6,test,1.3501,1.0769,1.4556,1.8607,0.7344,0.6941,0.7244,0.8969,0.5207,0.5137,0.4894,0.6812,36.8286,11.6446,68.1042,43.3146,26.8148,nan,nan,0.3615,0.3309,0.1662,0.4666,0.3451,0.2567,0.2961,0.4484,0.2623,0.397,0.3962,0.5648,0.7969,0.8569,0.8862,0.6259,0.8185,21.5797,14.489,nan,38.3778,12.3916,nan,nan,0.7501,nan,0.6151,0.8188,0.713,0.4836,0.7501,nan,nan,0.9376,0.7812,0.7805,0.7892,0.7901,0.7901,0.7867,0.7901,0.0845,25.5098,nan,nan,0.3813,0.3307,0.2566,0.3755,0.3494,0.3067,0.5388,0.4347,0.4657,0.4037,0.3644,0.5005,0.457,0.3672,0.6449,0.5172,0.6338,43.4409,15.5709,8.457,29.3756,54.4276,nan,nan,0.2119,0.3091,0.0688,0.2378,0.1802,0.0746,0.2241,0.2504,nan,0.2688,0.2374,0.3023,0.6758,0.7503,0.7798,0.456,0.717,14.7202,12.4934,nan,14.7415,nan,nan,nan,0.3511,nan,0.3551,nan,0.1831,0.1699,nan,nan,0.3511,0.5516,0.5541,0.4024,0.5227,0.56,0.6197,0.3877,0.5234,10.9798,8.2972,nan,28.9296,6.8246,nan,nan,0.2318,nan,0.0189,0.3354,0.2319,0.2983,0.2318,nan,nan,nan,0.2047,0.2789,0.3846,0.3986,0.4363,0.3259,0.3774
gn_cp_refine_l,bench_gn_cp_refine_l,"CenterPoint + 2nd stage, no camera",L,20+6,val,1.3863,1.0993,1.5151,1.9427,0.7304,0.7244,0.746,0.7028,0.6047,0.6136,0.6164,0.5424,31.3815,9.6864,38.093,28.3326,31.0373,nan,nan,0.3725,0.4728,0.2583,0.4052,0.3851,0.2558,0.3726,0.4053,0.3046,0.3632,0.3937,0.6084,0.7907,0.8625,0.8929,0.6041,0.8034,58.3711,19.2355,88.6416,23.4311,53.4846,nan,nan,0.882,0.975,0.7324,0.8482,0.833,0.8578,0.882,nan,nan,0.9998,0.8897,0.9045,0.9045,0.9045,0.9045,0.9045,0.9045,0.1104,30.5378,nan,nan,0.4123,0.3999,0.2836,0.4521,0.4408,0.1921,0.4962,0.4258,0.5227,0.5025,0.3594,0.5688,0.6168,0.2812,0.639,0.5317,0.6497,27.861,13.4892,16.0764,20.1663,31.1339,nan,nan,0.3243,0.6125,0.0479,0.3549,0.3585,0.0032,0.3045,0.4762,0.0383,0.279,0.3571,0.4464,0.7088,0.7697,0.7934,0.5292,0.7427,10.3619,9.6586,nan,10.9265,10.3331,nan,nan,0.2334,nan,0.2426,0.2467,0.1729,0.3011,nan,nan,0.2334,0.3428,0.2371,0.3718,0.4419,0.5368,0.6023,0.2431,0.3855,24.7137,20.4684,nan,6.4639,25.3221,nan,nan,0.2492,nan,0.0,0.3217,0.2502,0.0,0.2492,nan,nan,nan,0.2515,0.2822,0.4024,0.4024,0.4064,0.3986,0.4024
gn_cp_refine_l,bench_gn_cp_refine_l,"CenterPoint + 2nd stage, no camera",L,20+6,test,1.3323,1.0418,1.432,1.9041,0.7301,0.6999,0.7065,0.9025,0.5309,0.5319,0.4855,0.7051,36.1863,9.7254,67.4283,45.1572,24.4618,nan,nan,0.4206,0.3902,0.2141,0.5289,0.404,0.3069,0.3523,0.5064,0.3322,0.4506,0.4501,0.6356,0.8181,0.8845,0.9006,0.6479,0.8396,21.8281,13.9738,nan,34.9598,15.2347,nan,nan,0.8218,nan,0.6836,0.8857,0.7822,0.5175,0.8218,nan,nan,0.9408,0.851,0.8375,0.8386,0.8386,0.8386,0.8386,0.8386,0.1138,25.184,nan,nan,0.4066,0.3356,0.2556,0.3973,0.3744,0.3608,0.5852,0.4715,0.5204,0.4498,0.413,0.5559,0.4896,0.4313,0.6863,0.5664,0.6504,41.8566,11.8475,6.1452,31.6352,51.1472,nan,nan,0.2016,0.3078,0.0403,0.2441,0.149,0.0399,0.2151,0.2424,nan,0.2835,0.2431,0.3374,0.6689,0.7465,0.7714,0.4574,0.7002,12.034,8.6521,nan,12.0432,nan,nan,nan,0.3893,nan,0.3948,nan,0.1428,0.1326,nan,nan,0.3894,0.6658,0.6328,0.4528,0.4932,0.5746,0.624,0.2512,0.523,14.0149,8.5264,nan,32.5471,9.7875,nan,nan,0.1999,nan,0.0193,0.255,0.2,0.2812,0.1999,nan,nan,nan,0.1806,0.3389,0.433,0.4443,0.4824,0.3834,0.4218
gn_cp_marifusion,bench_gn_cp_marifusion,MariFusion,L+C,20+6,val,1.3896,1.0939,1.4827,2.0809,0.7296,0.7148,0.7491,0.7192,0.5981,0.5939,0.6134,0.5661,31.5983,9.3323,40.0228,26.5906,31.4217,nan,nan,0.383,0.4784,0.2628,0.4074,0.3888,0.2696,0.365,0.4206,0.3174,0.3692,0.397,0.6156,0.7928,0.8634,0.8931,0.6068,0.8077,57.982,19.6795,93.3788,18.9858,51.4645,nan,nan,0.9,0.975,0.7025,0.8798,0.8585,0.9007,0.9,nan,nan,0.9999,0.9001,0.912,0.912,0.912,0.912,0.912,0.912,0.092,31.6046,nan,nan,0.4072,0.3841,0.2732,0.4323,0.4666,0.2047,0.5141,0.417,0.4992,0.4762,0.3523,0.549,0.6304,0.2777,0.6358,0.5078,0.6341,29.3967,14.7549,19.197,20.2684,32.5917,nan,nan,0.3171,0.5333,0.0349,0.3571,0.3501,0.0284,0.2868,0.5127,0.0383,0.2726,0.3413,0.448,0.7224,0.7883,0.8126,0.5358,0.753,13.0862,13.0333,nan,6.5281,16.1382,nan,nan,0.2585,nan,0.5007,0.1843,0.1448,0.1672,nan,nan,0.2585,0.4148,0.2681,0.3268,0.4596,0.5299,0.615,0.2695,0.4241,25.9598,21.9507,nan,11.1934,27.1552,nan,nan,0.1773,nan,0.0,0.2599,0.1785,0.0,0.1773,nan,nan,nan,0.1785,0.1937,0.2838,0.2835,0.2861,0.2822,0.2834
gn_cp_marifusion,bench_gn_cp_marifusion,MariFusion,L+C,20+6,test,1.3432,1.0695,1.4315,1.906,0.7276,0.7018,0.7025,0.8927,0.5229,0.5239,0.4874,0.6985,36.3873,10.2515,66.9389,46.0434,24.696,nan,nan,0.419,0.39,0.2206,0.5273,0.3903,0.2989,0.3317,0.5131,0.3359,0.4596,0.4511,0.6387,0.8177,0.8841,0.9,0.6494,0.8371,21.5382,15.1229,nan,35.5779,13.7528,nan,nan,0.8174,nan,0.6849,0.871,0.7687,0.5861,0.8174,nan,nan,0.94,0.8426,0.8358,0.8414,0.8414,0.8414,0.8414,0.8414,0.1026,26.5,nan,nan,0.4404,0.3652,0.3033,0.4361,0.378,0.3608,0.5913,0.4979,0.543,0.4643,0.4514,0.5888,0.4972,0.4239,0.7019,0.5796,0.6856,43.697,11.7463,7.3767,30.4342,54.3194,nan,nan,0.2275,0.3206,0.0594,0.2616,0.1623,0.0456,0.2428,0.2428,nan,0.3198,0.2641,0.3654,0.6799,0.7582,0.7875,0.4599,0.7141,20.3833,10.4763,nan,20.3013,nan,nan,nan,0.3856,nan,0.3901,nan,0.1521,0.1518,nan,nan,0.3856,0.6455,0.6273,0.4301,0.51,0.5671,0.6144,0.3299,0.5285,10.4944,7.3292,nan,27.0671,6.1939,nan,nan,0.3525,nan,0.0016,0.4642,0.3525,0.434,0.3525,nan,nan,nan,0.3044,0.4447,0.579,0.5916,0.6136,0.5278,0.5829
gn_cp_sea,bench_gn_cp_sea,CenterPoint + Sea,L,20,val,1.4404,1.1561,1.542,2.0763,0.7744,0.7238,0.8362,0.7511,0.6424,0.5953,0.7136,0.6345,34.9715,15.0222,44.0393,30.9912,34.5131,nan,nan,0.242,0.3189,0.142,0.2772,0.247,0.161,0.2578,0.2667,0.1801,0.2348,0.2571,0.4631,0.7558,0.8292,0.8666,0.5577,0.7698,83.7645,18.8199,107.4103,43.7167,82.6938,nan,nan,0.8846,0.9714,0.7778,0.8357,0.8344,0.8911,0.8846,nan,nan,0.9998,0.8724,0.8855,0.8855,0.8855,0.8855,0.8855,0.8855,0.0754,40.7278,nan,nan,0.3896,0.3574,0.2527,0.3628,0.3139,0.2621,0.5602,0.3989,0.465,0.4299,0.3096,0.4547,0.5079,0.3121,0.6687,0.4759,0.5809,39.1258,17.4514,23.3861,28.2221,43.7204,nan,nan,0.3044,0.4709,0.0823,0.3293,0.31,0.0413,0.3049,0.3611,0.0934,0.2971,0.3253,0.4168,0.731,0.7864,0.8139,0.5685,0.7554,9.2138,8.7356,nan,8.1002,9.3106,nan,nan,0.5129,nan,0.5935,0.5032,0.3901,0.1699,nan,nan,0.5129,0.7091,0.5351,0.555,0.5268,0.6136,0.7427,0.2683,0.4827,36.5636,17.3535,nan,nan,36.5636,nan,nan,0.0039,nan,0.0,0.0113,0.0058,0.0,0.0039,nan,nan,nan,0.0046,0.0044,0.0052,0.0051,0.0053,0.0051,0.0051
gn_cp_sea,bench_gn_cp_sea,CenterPoint + Sea,L,20,test,1.3591,1.0869,1.4696,1.8579,0.7202,0.6791,0.7018,0.9153,0.5136,0.5181,0.4711,0.684,38.2509,13.722,61.1063,43.5061,30.507,nan,nan,0.3174,0.2973,0.1615,0.4088,0.3033,0.2527,0.2977,0.3664,0.2359,0.3443,0.3355,0.5229,0.7833,0.842,0.8711,0.62,0.8,24.0621,17.8174,nan,38.7082,15.9191,nan,nan,0.798,nan,0.6643,0.8566,0.7421,0.5602,0.798,nan,nan,0.9516,0.8248,0.8101,0.8137,0.8137,0.8137,0.8137,0.8137,0.0854,28.3926,nan,nan,0.3905,0.3303,0.2464,0.3756,0.3274,0.3364,0.5815,0.4448,0.4758,0.4102,0.3418,0.5005,0.4513,0.3844,0.6784,0.5297,0.642,50.7255,15.5781,11.5277,37.8501,61.7934,nan,nan,0.2499,0.3977,0.1054,0.2727,0.1757,0.0688,0.2564,0.2885,nan,0.3597,0.2837,0.3467,0.7018,0.7709,0.7943,0.4949,0.747,9.2454,8.7564,nan,9.2574,nan,nan,nan,0.4369,nan,0.4456,nan,0.2478,0.2101,nan,nan,0.4369,0.6705,0.6124,0.4662,0.5687,0.6371,0.7163,0.3505,0.571,19.6789,12.1534,nan,54.5009,10.497,nan,nan,0.1503,nan,0.0003,0.2352,0.1823,0.1402,0.1503,nan,nan,nan,0.1677,0.2333,0.3426,0.3504,0.3652,0.3152,0.3399
gn_cp_sea_seatest,bench_gn_cp_sea,"CenterPoint + Sea, sea also at test",L,20,val,1.4405,1.156,1.5417,2.0778,0.7666,0.7156,0.8439,0.6966,0.6448,0.5927,0.7477,0.5601,34.9695,15.023,44.0393,30.9847,34.5131,nan,nan,0.2321,0.307,0.1326,0.2608,0.2398,0.1622,0.2538,0.2429,0.1777,0.2215,0.2437,0.4631,0.7558,0.8292,0.8666,0.5577,0.7698,83.6811,18.8719,107.4103,43.7173,82.6938,nan,nan,0.8817,0.9714,0.7474,0.8353,0.8333,0.8865,0.8817,nan,nan,0.9998,0.8585,0.885,0.8869,0.8869,0.8869,0.8869,0.8869,0.0826,40.6972,nan,nan,0.3823,0.3539,0.2531,0.3587,0.3007,0.2534,0.5448,0.3881,0.4649,0.4298,0.3098,0.4546,0.5079,0.309,0.6688,0.4759,0.5814,39.0582,17.4483,23.3861,27.9937,43.7265,nan,nan,0.2976,0.4717,0.0852,0.3202,0.306,0.0487,0.2967,0.3585,0.0852,0.2841,0.3169,0.417,0.7323,0.7879,0.8168,0.5686,0.7559,9.2138,8.7356,nan,8.1002,9.3106,nan,nan,0.4973,nan,0.5932,0.4844,0.387,0.1681,nan,nan,0.4973,0.6741,0.5186,0.555,0.5268,0.6136,0.7427,0.2683,0.4827,36.5636,17.3535,nan,nan,36.5636,nan,nan,0.0027,nan,0.0,0.0085,0.0036,0.0,0.0027,nan,nan,nan,0.003,0.0044,0.0052,0.0051,0.0053,0.0051,0.0051
gn_cp_sea_seatest,bench_gn_cp_sea,"CenterPoint + Sea, sea also at test",L,20,test,1.3583,1.0851,1.4696,1.8579,0.7009,0.6747,0.6563,0.9372,0.4976,0.5077,0.4334,0.7269,38.2509,13.722,61.1063,43.5061,30.507,nan,nan,0.3152,0.302,0.157,0.3973,0.3014,0.248,0.2826,0.3681,0.2323,0.3371,0.3335,0.5229,0.7833,0.842,0.8711,0.62,0.8,23.1202,17.0558,nan,36.7768,15.8054,nan,nan,0.7938,nan,0.6515,0.854,0.7301,0.4688,0.7938,nan,nan,0.9546,0.8246,0.828,0.828,0.828,0.828,0.828,0.828,0.1013,28.2042,nan,nan,0.3781,0.3233,0.2315,0.3654,0.324,0.3178,0.5597,0.4137,0.4794,0.4147,0.3484,0.505,0.4513,0.3844,0.6784,0.533,0.6449,50.7255,15.5781,11.5277,37.8501,61.7934,nan,nan,0.2484,0.3807,0.1086,0.2717,0.1761,0.0737,0.2557,0.2799,nan,0.3561,0.2811,0.3466,0.7017,0.7707,0.7942,0.4949,0.7469,9.2454,8.7564,nan,9.2574,nan,nan,nan,0.4033,nan,0.4104,nan,0.2449,0.1857,nan,nan,0.4033,0.5909,0.5649,0.4662,0.5687,0.6371,0.7163,0.3505,0.571,19.6789,12.1534,nan,54.5009,10.497,nan,nan,0.1296,nan,0.0003,0.2257,0.1639,0.1815,0.1296,nan,nan,nan,0.0645,0.2333,0.3426,0.3504,0.3652,0.3152,0.3399
gn_cp_sea_80e,bench_gn_cp_sea_80e,CenterPoint + Sea,L,80,val,1.3289,1.1086,1.4107,1.79,0.7445,0.7012,0.7812,0.7703,0.6061,0.5541,0.6621,0.6064,24.4816,9.0109,33.5526,20.9043,23.7026,nan,nan,0.3716,0.4751,0.2368,0.4077,0.3664,0.2619,0.3362,0.3791,0.4092,0.3704,0.3892,0.5897,0.7985,0.8808,0.9111,0.596,0.8062,49.8544,15.9568,83.159,11.127,43.1869,nan,nan,0.8534,0.9715,0.8014,0.8022,0.8094,0.8859,0.8534,nan,nan,0.9999,0.8239,0.8582,0.8582,0.8582,0.8582,0.8582,0.8582,0.0884,25.6753,nan,nan,0.4253,0.4103,0.3533,0.3948,0.3847,0.317,0.5798,0.4291,0.5137,0.4901,0.4204,0.494,0.5702,0.3778,0.7148,0.5189,0.5857,41.2107,11.2265,24.1267,34.9152,45.1216,nan,nan,0.3592,0.6318,0.0922,0.3832,0.3821,0.0481,0.3707,0.3903,0.0184,0.329,0.3908,0.4802,0.7027,0.7695,0.7838,0.5256,0.7318,7.7663,7.6216,nan,5.0199,8.491,nan,nan,0.5234,nan,0.7542,0.4809,0.471,0.5707,nan,nan,0.5234,0.6201,0.5226,0.6216,0.5503,0.6494,0.7576,0.3017,0.4924,5.0633,5.0633,nan,nan,5.0633,nan,nan,0.0189,nan,0.0,0.0356,0.0223,0.0,0.0189,nan,nan,nan,0.0193,0.0189,0.0189,0.0189,0.0189,0.0189,0.0189
gn_cp_sea_80e,bench_gn_cp_sea_80e,CenterPoint + Sea,L,80,test,1.2709,1.0172,1.3542,1.7709,0.7103,0.7075,0.6492,0.9224,0.5008,0.5114,0.4412,0.6928,28.2961,7.9688,56.9512,29.7705,21.4971,nan,nan,0.4548,0.4436,0.2426,0.5664,0.432,0.2845,0.375,0.5442,0.3648,0.4867,0.4956,0.6459,0.8212,0.8935,0.9136,0.6364,0.8412,31.223,19.2304,nan,34.6145,29.5909,nan,nan,0.7763,nan,0.6953,0.8285,0.764,0.4544,0.7763,nan,nan,0.8225,0.8061,0.8057,0.8085,0.8085,0.8085,0.8083,0.8085,0.0894,23.0192,nan,nan,0.4924,0.4515,0.2995,0.4739,0.481,0.4353,0.6037,0.5863,0.5818,0.5368,0.4325,0.5944,0.5907,0.5213,0.7003,0.6643,0.7018,38.8467,8.4335,4.5882,33.4745,46.3922,nan,nan,0.3793,0.5346,0.2136,0.3935,0.3253,0.2424,0.3989,0.4177,nan,0.4571,0.4029,0.478,0.7361,0.8011,0.8184,0.5425,0.7823,9.1343,9.1111,nan,9.1671,nan,nan,nan,0.5059,nan,0.5165,nan,0.3811,0.2192,nan,nan,0.5059,0.6483,0.7718,0.5676,0.6386,0.7465,0.8255,0.3305,0.6519,7.5961,4.854,nan,19.2446,5.0112,nan,nan,0.3455,nan,0.0622,0.4662,0.3554,0.297,0.3455,nan,nan,nan,0.4553,0.4119,0.5046,0.5194,0.5268,0.4648,0.5073
gn_cp_sea_80e_seatest,bench_gn_cp_sea_80e,"CenterPoint + Sea, sea also at test",L,80,val,1.3289,1.1087,1.4107,1.7893,0.7319,0.7128,0.7305,0.7983,0.5914,0.5611,0.6164,0.6041,24.48,9.0087,33.5526,20.9006,23.7023,nan,nan,0.3679,0.4635,0.241,0.4021,0.3621,0.2653,0.3252,0.3779,0.4043,0.3694,0.3791,0.5897,0.7986,0.8808,0.9112,0.596,0.8062,49.7625,15.9363,83.159,11.0525,43.1869,nan,nan,0.8351,0.9715,0.712,0.8005,0.8045,0.8859,0.8351,nan,nan,0.9999,0.805,0.8555,0.8555,0.8555,0.8555,0.8555,0.8555,0.0909,25.6537,nan,nan,0.4223,0.4024,0.3572,0.3833,0.3856,0.32,0.5934,0.4239,0.5132,0.4897,0.4206,0.4933,0.5706,0.3779,0.7148,0.5183,0.5852,41.1964,11.16,24.1267,34.8244,45.0941,nan,nan,0.3518,0.6211,0.097,0.3732,0.3573,0.0466,0.3542,0.3932,0.0178,0.3431,0.3815,0.4804,0.7027,0.7695,0.7838,0.5256,0.7318,7.7663,7.6216,nan,5.0199,8.491,nan,nan,0.538,nan,0.7491,0.4899,0.4656,0.5883,nan,nan,0.538,0.6614,0.5346,0.6216,0.5503,0.6494,0.7576,0.3017,0.4924,5.0633,5.0633,nan,nan,5.0633,nan,nan,0.0189,nan,0.0,0.0356,0.0223,0.0,0.0189,nan,nan,nan,0.0193,0.0189,0.0189,0.0189,0.0189,0.0189,0.0189
gn_cp_sea_80e_seatest,bench_gn_cp_sea_80e,"CenterPoint + Sea, sea also at test",L,80,test,1.2709,1.0171,1.3542,1.7709,0.7679,0.7554,0.7006,1.031,0.5317,0.5329,0.46,0.8047,28.2965,7.9678,56.9512,29.772,21.4971,nan,nan,0.4398,0.4416,0.2294,0.5497,0.4282,0.2771,0.3668,0.5295,0.361,0.4702,0.4912,0.6459,0.8212,0.8935,0.9136,0.6364,0.8411,31.0373,19.1927,nan,33.7662,29.4668,nan,nan,0.6775,nan,0.5705,0.7542,0.6397,0.3217,0.6775,nan,nan,0.8219,0.7149,0.7878,0.7939,0.7953,0.7953,0.7896,0.7953,0.1044,22.9822,nan,nan,0.4738,0.4289,0.2744,0.4524,0.4735,0.4357,0.6027,0.5722,0.5783,0.5318,0.4313,0.5899,0.5908,0.5213,0.7001,0.6606,0.6989,38.8467,8.4335,4.5882,33.4745,46.3922,nan,nan,0.3817,0.5346,0.2126,0.3963,0.3265,0.2408,0.4055,0.4175,nan,0.4601,0.4098,0.4781,0.7361,0.801,0.8183,0.5425,0.7825,9.1343,9.1111,nan,9.1671,nan,nan,nan,0.5103,nan,0.5196,nan,0.3793,0.2207,nan,nan,0.5103,0.6584,0.7785,0.5676,0.6386,0.7465,0.8255,0.3305,0.6519,7.5961,4.854,nan,19.2446,5.0112,nan,nan,0.3599,nan,0.0613,0.5038,0.3709,0.3116,0.3599,nan,nan,nan,0.4668,0.4119,0.5046,0.5194,0.5268,0.4648,0.5073
gn_cp_sea_marifusion,bench_gn_cp_sea_marifusion,Ours: Sea + MariFusion,L+C,80+6,val,1.3081,1.046,1.3886,1.8824,0.6927,0.6607,0.7361,0.6625,0.5503,0.514,0.6112,0.4923,23.1387,7.6502,30.3775,20.5029,22.5277,nan,nan,0.4358,0.524,0.2974,0.4745,0.4252,0.323,0.4114,0.441,0.4551,0.4459,0.4547,0.6544,0.8129,0.8894,0.9175,0.6262,0.8184,48.7644,15.1045,80.6067,8.6353,43.1549,nan,nan,0.8684,0.9717,0.7335,0.8416,0.8379,0.8676,0.8684,nan,nan,1.0,0.8669,0.8921,0.8921,0.8921,0.8921,0.8921,0.8921,0.0906,25.0795,nan,nan,0.444,0.4304,0.3593,0.4261,0.4389,0.3236,0.6014,0.4541,0.5345,0.5163,0.4459,0.5284,0.6164,0.3998,0.7306,0.5382,0.5984,38.5433,10.1551,25.0893,34.5958,41.3781,nan,nan,0.3993,0.7091,0.0778,0.428,0.4172,0.0355,0.4095,0.4368,0.0141,0.3702,0.4304,0.5139,0.7252,0.7873,0.8003,0.565,0.7482,9.5609,8.5615,nan,5.0167,10.9806,nan,nan,0.5014,nan,0.6995,0.4664,0.4506,0.5703,nan,nan,0.5014,0.5895,0.5029,0.5972,0.5469,0.6554,0.7712,0.2767,0.4843,5.3901,2.7289,nan,nan,5.3901,nan,nan,0.0149,nan,0.0,0.0334,0.021,0.0,0.0149,nan,nan,nan,0.0158,0.0151,0.0151,0.0151,0.0151,0.015,0.0151
gn_cp_sea_marifusion,bench_gn_cp_sea_marifusion,Ours: Sea + MariFusion,L+C,80+6,test,1.2439,0.9996,1.307,1.7777,0.698,0.708,0.6401,0.8591,0.4749,0.506,0.4194,0.5696,27.205,6.9538,54.0127,28.8707,20.7888,nan,nan,0.5049,0.4567,0.3121,0.6122,0.4923,0.3497,0.417,0.6016,0.4473,0.5351,0.5521,0.7025,0.8386,0.9052,0.9171,0.6754,0.8567,26.8607,16.8213,nan,28.7704,26.0022,nan,nan,0.8098,nan,0.7325,0.8525,0.7774,0.5146,0.8098,nan,nan,0.9156,0.8394,0.8219,0.8274,0.8291,0.8291,0.8222,0.8291,0.1147,22.3958,nan,nan,0.4943,0.4381,0.3094,0.4784,0.4965,0.4647,0.6381,0.5783,0.609,0.5611,0.4878,0.6275,0.6122,0.5524,0.7368,0.6651,0.7197,37.8127,7.4272,3.9667,31.7094,45.3602,nan,nan,0.3331,0.4966,0.1739,0.3532,0.2543,0.1611,0.3453,0.3914,nan,0.43,0.3684,0.4638,0.7285,0.7937,0.8122,0.5383,0.7699,10.438,10.438,nan,10.4319,nan,nan,nan,0.4821,nan,0.4924,nan,0.3167,0.177,nan,nan,0.4821,0.6719,0.768,0.5596,0.6181,0.7109,0.8139,0.3256,0.622,9.6629,4.8519,nan,19.2232,6.9788,nan,nan,0.3416,nan,0.036,0.4406,0.35,0.3446,0.3416,nan,nan,nan,0.3637,0.4971,0.586,0.5957,0.6017,0.5532,0.5933
gn_cp_sea_marifusion_seatest,bench_gn_cp_sea_marifusion,"Ours, sea also at test",L+C,80+6,val,1.3085,1.0457,1.3894,1.8837,0.6861,0.6626,0.7006,0.7157,0.5436,0.5182,0.5813,0.5194,23.146,7.6498,30.4123,20.4494,22.5593,nan,nan,0.4301,0.5204,0.3019,0.4651,0.4174,0.3269,0.3997,0.4398,0.4529,0.4452,0.4411,0.6545,0.813,0.8895,0.9176,0.6264,0.8184,48.6798,15.0898,80.6051,8.6464,43.1532,nan,nan,0.8669,0.9717,0.6616,0.841,0.8319,0.868,0.8669,nan,nan,1.0,0.8545,0.8914,0.8914,0.8914,0.8914,0.8914,0.8914,0.0935,25.0588,nan,nan,0.4402,0.4199,0.3496,0.423,0.4419,0.3186,0.6132,0.4468,0.5338,0.5153,0.4438,0.5282,0.6167,0.4025,0.7309,0.5376,0.5979,38.4826,10.1248,25.0815,34.3216,41.353,nan,nan,0.4003,0.6933,0.0795,0.4362,0.4116,0.0392,0.4105,0.4441,0.0141,0.3906,0.431,0.5141,0.7253,0.7876,0.8005,0.5648,0.7481,9.5798,8.5707,nan,5.0214,11.0028,nan,nan,0.4889,nan,0.6673,0.4605,0.4173,0.5139,nan,nan,0.4889,0.6171,0.4917,0.5937,0.545,0.6558,0.7709,0.2715,0.482,5.4056,2.7242,nan,nan,5.4056,nan,nan,0.0149,nan,0.0,0.0334,0.021,0.0,0.0149,nan,nan,nan,0.0157,0.0151,0.015,0.0151,0.0151,0.0149,0.0151
gn_cp_sea_marifusion_seatest,bench_gn_cp_sea_marifusion,"Ours, sea also at test",L+C,80+6,test,1.2442,0.9984,1.3082,1.7798,0.7435,0.7454,0.6916,0.9093,0.5058,0.5298,0.4507,0.6314,27.1765,6.948,53.9849,28.7526,20.7811,nan,nan,0.5042,0.4711,0.2993,0.6099,0.4912,0.3444,0.4076,0.6002,0.4449,0.5296,0.5507,0.7026,0.8387,0.9054,0.9173,0.6755,0.8568,26.6037,16.8197,nan,28.3946,25.7722,nan,nan,0.7477,nan,0.6544,0.8028,0.7064,0.3511,0.7477,nan,nan,0.899,0.789,0.8258,0.8267,0.8267,0.8267,0.8267,0.8267,0.1151,22.319,nan,nan,0.4939,0.4366,0.2848,0.477,0.4959,0.4611,0.6332,0.5857,0.609,0.5611,0.4967,0.628,0.6123,0.5512,0.7358,0.665,0.7189,37.8148,7.4363,3.9534,31.7409,45.3555,nan,nan,0.3333,0.4955,0.1744,0.3537,0.254,0.1576,0.3458,0.3916,nan,0.4325,0.3698,0.464,0.7285,0.7935,0.8123,0.5384,0.7699,10.3365,10.3365,nan,10.3308,nan,nan,nan,0.4773,nan,0.486,nan,0.3122,0.1753,nan,nan,0.4773,0.6715,0.768,0.5575,0.6159,0.7078,0.8091,0.3268,0.6198,9.6635,4.8542,nan,19.2438,6.9714,nan,nan,0.4069,nan,0.0354,0.5281,0.4192,0.3958,0.4069,nan,nan,nan,0.451,0.4951,0.5847,0.5944,0.6004,0.5524,0.5918
gn_cp_ea,bench_gn_cp_ea,CenterPoint + EA,L,20,val,1.6772,1.2533,1.8627,2.5799,0.7123,0.6365,0.7695,0.7946,0.5644,0.4866,0.6255,0.6631,41.021,14.8985,60.8525,30.9586,41.4059,nan,nan,0.1759,0.2226,0.1083,0.1974,0.1751,0.1039,0.2115,0.1984,0.0994,0.1808,0.1923,0.3733,0.7177,0.8453,0.89,0.393,0.7425,76.9897,17.3882,47.002,84.3109,89.1391,nan,nan,0.9138,0.9721,0.7461,0.9041,0.8831,0.8989,0.9138,nan,nan,0.9978,0.9038,0.923,0.923,0.923,0.923,0.923,0.923,0.0708,39.8889,nan,nan,0.3339,0.3244,0.2525,0.3494,0.2781,0.1396,0.485,0.3438,0.4047,0.3904,0.306,0.4232,0.4617,0.19,0.588,0.4156,0.5433,36.4001,18.2108,21.4451,40.223,37.0842,nan,nan,0.254,0.2529,0.0237,0.3195,0.2131,0.0126,0.2654,0.3578,0.0005,0.3403,0.2896,0.3361,0.7078,0.7736,0.8004,0.5171,0.74,7.6605,7.179,nan,4.5734,8.873,nan,nan,0.319,nan,0.406,0.2308,0.3398,0.247,nan,nan,0.319,0.4212,0.3252,0.3834,0.3542,0.4927,0.5741,0.0433,0.3068,37.3729,28.2955,nan,nan,37.3729,nan,nan,0.0067,nan,0.0,0.0136,0.011,0.0,0.0067,nan,nan,nan,0.0079,0.0074,0.0136,0.014,0.0144,0.0119,0.014
gn_cp_ea,bench_gn_cp_ea,CenterPoint + EA,L,20,test,1.6082,1.1828,1.7555,2.4688,0.7662,0.6963,0.7547,1.0268,0.5463,0.5147,0.53,0.7439,44.8386,14.0626,80.7768,44.2081,37.6932,nan,nan,0.2148,0.1336,0.0773,0.3161,0.1975,0.1803,0.1914,0.2538,0.142,0.2347,0.2201,0.427,0.7693,0.8877,0.9116,0.4856,0.7921,24.2205,10.3048,nan,50.1922,10.1865,nan,nan,0.7991,nan,0.6424,0.8856,0.7427,0.4944,0.7991,nan,nan,0.9678,0.8402,0.8292,0.8304,0.8304,0.8304,0.8304,0.8304,0.1063,30.4745,nan,nan,0.3382,0.2804,0.2198,0.3419,0.2052,0.2445,0.5286,0.3642,0.4445,0.3795,0.3429,0.472,0.3481,0.3527,0.6446,0.4703,0.6671,55.2168,15.1858,20.1433,42.6561,65.3385,nan,nan,0.1811,0.2085,0.0373,0.2299,0.1499,0.0113,0.2283,0.1566,nan,0.2352,0.2218,0.2784,0.6879,0.7624,0.8025,0.4446,0.7419,11.0751,8.8748,nan,11.1685,nan,nan,nan,0.3469,nan,0.348,nan,0.1418,0.2467,nan,nan,0.3469,0.6767,0.3897,0.4464,0.5902,0.8828,0.9093,0.0249,0.5437,17.0217,8.9073,nan,48.8181,8.314,nan,nan,0.149,nan,0.0084,0.2941,0.1703,0.1663,0.149,nan,nan,nan,0.1494,0.2413,0.458,0.4708,0.4803,0.4256,0.4554
gn_cp_ea2,bench_gn_cp_ea2,"CenterPoint + EA, local a2c",L,20,val,1.941,1.5509,2.0902,3.0846,0.7191,0.6487,0.7872,0.7627,0.5811,0.4976,0.6874,0.5846,46.5202,16.5344,51.1275,39.2109,48.8069,nan,nan,0.1289,0.1722,0.072,0.1447,0.1349,0.0883,0.1636,0.1621,0.0366,0.121,0.1352,0.2796,0.6232,0.7764,0.8562,0.2565,0.6036,60.3522,24.9957,69.5987,84.7231,51.342,nan,nan,0.8974,0.9913,0.6968,0.8789,0.8579,0.8974,0.8974,nan,nan,0.9977,0.874,0.9075,0.9075,0.9075,0.9075,0.9075,0.9075,0.0604,45.7619,nan,nan,0.2753,0.2586,0.2295,0.308,0.207,0.0737,0.4013,0.2798,0.3357,0.3264,0.273,0.3636,0.3685,0.1144,0.4605,0.3415,0.4787,48.8835,20.8232,31.2277,68.5102,46.4516,nan,nan,0.1655,0.2766,0.0055,0.2106,0.1579,0.0016,0.1707,0.252,0.0,0.2092,0.2,0.2318,0.5923,0.6913,0.7215,0.3353,0.6212,20.4415,11.2338,nan,5.6763,25.4606,nan,nan,0.1844,nan,0.4781,0.1124,0.1416,0.1603,nan,nan,0.1844,0.2773,0.1896,0.2588,0.2639,0.3765,0.4342,0.0241,0.2207,52.6123,30.6109,nan,nan,52.6123,nan,nan,0.0003,nan,0.0,0.0007,0.0005,0.0,0.0003,nan,nan,nan,0.0003,0.0007,0.0064,0.0071,0.0073,0.0043,0.0071
gn_cp_ea2,bench_gn_cp_ea2,"CenterPoint + EA, local a2c",L,20,test,1.9051,1.4659,2.0371,3.1297,0.7268,0.6731,0.727,0.9398,0.5017,0.4994,0.4667,0.679,47.8067,16.46,66.358,56.2881,39.3161,nan,nan,0.1549,0.0788,0.0472,0.2368,0.1212,0.0842,0.1695,0.2166,0.0357,0.2199,0.1799,0.3018,0.6554,0.8172,0.8894,0.2943,0.6206,66.3551,19.1132,nan,88.0183,54.7434,nan,nan,0.7882,nan,0.6128,0.8603,0.725,0.3744,0.7882,nan,nan,0.9552,0.8207,0.8079,0.8079,0.8079,0.8079,0.8079,0.8079,0.0622,46.9639,nan,nan,0.247,0.2219,0.1258,0.288,0.1607,0.0779,0.3735,0.2585,0.3091,0.2809,0.1939,0.3743,0.2534,0.1178,0.4486,0.3165,0.589,57.5164,23.4284,26.7601,69.9495,57.9712,nan,nan,0.1291,0.2745,0.008,0.1598,0.0903,0.0119,0.1518,0.1048,nan,0.1876,0.1553,0.1799,0.6281,0.7416,0.783,0.3265,0.6614,11.1153,11.1153,nan,11.065,nan,nan,nan,0.1202,nan,0.1204,nan,0.1273,0.1052,nan,nan,0.1202,0.1314,0.1059,0.1691,0.459,0.7139,0.7292,0.0235,0.3693,52.0262,23.6713,nan,64.2676,48.8515,nan,nan,0.0425,nan,0.003,0.0559,0.0459,0.0533,0.0425,nan,nan,nan,0.0306,0.0871,0.3946,0.4409,0.4752,0.2295,0.4328
gn_cp_ea_sea,bench_gn_cp_ea_sea,CenterPoint + EA + Sea,L,20,val,1.675,1.2723,1.8443,2.5296,0.8149,0.7658,0.8693,0.8107,0.6736,0.6238,0.7426,0.6614,38.5209,14.4582,58.664,29.8569,37.8273,nan,nan,0.1572,0.2235,0.086,0.1746,0.1601,0.1033,0.1713,0.178,0.1095,0.1538,0.1694,0.3677,0.7182,0.8381,0.8917,0.4065,0.7365,81.4592,20.0238,76.3274,72.3576,86.1959,nan,nan,0.8839,0.9993,0.8026,0.8431,0.851,0.9104,0.8839,nan,nan,0.9972,0.8625,0.8839,0.8839,0.8839,0.8839,0.8839,0.8839,0.0704,35.244,nan,nan,0.3176,0.2987,0.2289,0.3228,0.2653,0.1393,0.4672,0.3268,0.388,0.3721,0.3042,0.4008,0.4831,0.1847,0.5515,0.3939,0.5188,33.1895,16.3602,24.9118,46.4686,30.9823,nan,nan,0.2452,0.364,0.0223,0.2828,0.2397,0.0093,0.2351,0.3527,0.0074,0.2591,0.2812,0.3511,0.7008,0.7883,0.8026,0.4629,0.7496,8.7013,8.0905,nan,5.1001,10.4029,nan,nan,0.3009,nan,0.528,0.1774,0.2412,0.1213,nan,nan,0.3009,0.4586,0.32,0.3362,0.2895,0.4069,0.5061,0.0238,0.2209,14.349,14.349,nan,nan,14.349,nan,nan,0.0009,nan,0.0,0.002,0.0016,0.0,0.0009,nan,nan,nan,0.001,0.0009,0.0015,0.0014,0.0018,0.0014,0.0014
gn_cp_ea_sea,bench_gn_cp_ea_sea,CenterPoint + EA + Sea,L,20,test,1.6222,1.1986,1.7834,2.4529,0.7955,0.7316,0.7791,1.0637,0.5828,0.5738,0.5459,0.7905,46.9625,13.7951,87.9436,43.3326,40.4674,nan,nan,0.1904,0.1256,0.069,0.2849,0.1714,0.1453,0.176,0.22,0.1395,0.2209,0.2052,0.4106,0.7569,0.8821,0.9079,0.4588,0.779,18.0473,10.8538,nan,31.9704,10.8178,nan,nan,0.7942,nan,0.6671,0.8607,0.7518,0.5714,0.7942,nan,nan,0.936,0.8188,0.8206,0.8206,0.8206,0.8206,0.8206,0.8206,0.1119,27.1066,nan,nan,0.3608,0.3192,0.2369,0.3247,0.2051,0.3341,0.5318,0.3801,0.4727,0.4216,0.3714,0.4554,0.3364,0.4494,0.6734,0.4694,0.6466,44.9567,12.3139,10.8051,34.5559,54.4435,nan,nan,0.2146,0.2461,0.093,0.245,0.1822,0.0342,0.2523,0.1902,nan,0.2644,0.2521,0.3295,0.675,0.7417,0.7974,0.4394,0.7217,5.2258,5.2258,nan,5.2673,nan,nan,nan,0.5286,nan,0.5351,nan,0.3765,0.3113,nan,nan,0.5286,0.7058,0.6043,0.6481,0.6599,0.94,0.9492,0.1212,0.6292,20.3408,12.6258,nan,45.1025,12.6395,nan,nan,0.0761,nan,0.0101,0.132,0.1142,0.1224,0.0761,nan,nan,nan,0.0199,0.1545,0.3205,0.3246,0.3592,0.279,0.319
gn_cp_ea_sea_seatest,bench_gn_cp_ea_sea,"CenterPoint + EA + Sea, sea also at test",L,20,val,1.6745,1.2716,1.8443,2.5296,0.7995,0.7325,0.8761,0.7861,0.6771,0.6024,0.7628,0.6615,38.5075,14.4518,58.664,29.8134,37.8273,nan,nan,0.1514,0.2139,0.0851,0.1643,0.1549,0.1039,0.1675,0.1704,0.1048,0.1474,0.1579,0.3677,0.7183,0.8382,0.8918,0.4065,0.7366,81.5239,20.041,76.3274,72.8689,86.1959,nan,nan,0.8783,0.9993,0.7634,0.8425,0.8347,0.9102,0.8783,nan,nan,0.9969,0.8473,0.883,0.883,0.883,0.883,0.883,0.883,0.074,35.2874,nan,nan,0.3138,0.2947,0.2267,0.3199,0.262,0.1352,0.4566,0.32,0.3878,0.372,0.3043,0.4007,0.483,0.1847,0.5515,0.3938,0.5189,33.3554,16.399,24.9118,46.7178,31.1368,nan,nan,0.2441,0.3625,0.0238,0.2817,0.2409,0.0119,0.2329,0.3535,0.0065,0.2536,0.2785,0.3512,0.7024,0.7899,0.804,0.4643,0.7513,8.7013,8.0905,nan,5.1001,10.4029,nan,nan,0.2942,nan,0.5159,0.1726,0.2416,0.1072,nan,nan,0.2942,0.4285,0.315,0.3362,0.2895,0.407,0.5062,0.0238,0.221,14.349,14.349,nan,nan,14.349,nan,nan,0.0008,nan,0.0,0.002,0.0016,0.0,0.0008,nan,nan,nan,0.001,0.0009,0.0015,0.0014,0.0018,0.0014,0.0014
gn_cp_ea_sea_seatest,bench_gn_cp_ea_sea,"CenterPoint + EA + Sea, sea also at test",L,20,test,1.6215,1.1973,1.7834,2.4529,0.7774,0.7719,0.7091,1.036,0.5609,0.6112,0.4922,0.6884,46.954,13.7877,87.9436,43.3047,40.4674,nan,nan,0.1899,0.1392,0.0647,0.279,0.1742,0.1415,0.1689,0.2224,0.1403,0.214,0.2039,0.4106,0.7569,0.8821,0.9079,0.4588,0.779,18.0429,11.0507,nan,30.9712,11.043,nan,nan,0.7983,nan,0.6723,0.8617,0.7459,0.5504,0.7983,nan,nan,0.9596,0.825,0.837,0.837,0.837,0.837,0.837,0.837,0.1183,27.104,nan,nan,0.3576,0.3212,0.2375,0.3197,0.2032,0.3329,0.526,0.3716,0.4759,0.4272,0.3826,0.4595,0.3364,0.4494,0.6733,0.473,0.6498,44.9567,12.3139,10.8051,34.5559,54.4435,nan,nan,0.2093,0.2481,0.0939,0.2345,0.1838,0.036,0.2464,0.1841,nan,0.256,0.2463,0.3294,0.6747,0.7413,0.7971,0.4392,0.7213,5.2258,5.2258,nan,5.2673,nan,nan,nan,0.5256,nan,0.5258,nan,0.403,0.332,nan,nan,0.5256,0.6743,0.5778,0.6481,0.6599,0.94,0.9492,0.1212,0.6292,20.3408,12.6258,nan,45.1025,12.6395,nan,nan,0.0651,nan,0.012,0.106,0.0989,0.1278,0.0651,nan,nan,nan,0.0053,0.1545,0.3205,0.3246,0.3592,0.279,0.319
gn_ssr_dt,bench_gn_ssr_dt,"TransFusion-L + SSR, fitted tilt",L,20,val,1.514,1.1489,1.619,2.2519,0.8641,0.8864,0.8618,0.8081,0.7493,0.7792,0.7676,0.625,36.429,11.6102,39.0943,31.004,38.7864,nan,nan,0.2485,0.3434,0.1313,0.2791,0.265,0.1809,0.2586,0.2718,0.1811,0.2228,0.2558,0.5393,0.7872,0.868,0.8942,0.5844,0.8022,73.6742,27.6831,99.6612,74.8618,61.2951,nan,nan,0.8925,0.9687,0.7574,0.8916,0.8775,0.893,0.8925,nan,nan,0.9933,0.8799,0.9099,0.9104,0.9106,0.9106,0.9099,0.9106,0.1087,42.9316,nan,nan,0.2654,0.2812,0.2329,0.3384,0.239,0.0609,0.3257,0.2675,0.374,0.3864,0.2936,0.4818,0.5274,0.0937,0.4548,0.3765,0.5717,43.0491,13.8876,16.0041,57.2409,42.5768,nan,nan,0.1842,0.4926,0.0017,0.1946,0.2607,0.0066,0.2024,0.2062,0.0,0.0866,0.2007,0.4023,0.7411,0.8052,0.823,0.5643,0.7717,50.4373,29.329,nan,36.1997,50.4047,nan,nan,0.0016,nan,0.002,0.0014,0.0028,0.0842,nan,nan,0.0016,0.0002,0.001,0.0084,0.3825,0.4925,0.5723,0.1468,0.3183,11.0684,11.0684,nan,6.0197,12.6682,nan,nan,0.0001,nan,0.0,0.0002,0.0002,0.0,0.0001,nan,nan,nan,0.0001,0.0103,0.0374,0.0364,0.0531,0.0242,0.0357
gn_ssr_dt,bench_gn_ssr_dt,"TransFusion-L + SSR, fitted tilt",L,20,test,1.4644,1.1266,1.555,2.0889,0.957,1.0436,0.8075,1.164,0.7155,0.8331,0.579,0.988,39.9344,11.6157,66.1736,42.5061,33.497,nan,nan,0.2563,0.1681,0.1154,0.3508,0.2676,0.1523,0.1389,0.3633,0.2478,0.241,0.2883,0.5847,0.8155,0.8873,0.9068,0.6304,0.8376,89.0307,22.9273,nan,100.1448,82.8097,nan,nan,0.6833,nan,0.536,0.7763,0.6258,0.4447,0.6833,nan,nan,0.8958,0.7105,0.7358,0.7475,0.7491,0.7491,0.7458,0.7461,0.1532,54.7716,nan,nan,0.2083,0.2004,0.1217,0.2411,0.1984,0.1248,0.3094,0.2232,0.3615,0.3703,0.2773,0.4723,0.3802,0.1878,0.4451,0.3855,0.575,46.8101,14.9203,17.0713,50.3239,50.0607,nan,nan,0.0987,0.3611,0.0144,0.0945,0.1003,0.003,0.1406,0.0335,nan,0.1008,0.1169,0.2448,0.59,0.6574,0.6985,0.3894,0.6148,81.1075,31.8649,nan,80.5764,nan,nan,nan,0.0018,nan,0.0018,nan,0.0064,0.0044,nan,nan,0.0018,0.0,0.0001,0.0144,0.3287,0.407,0.4165,0.1328,0.3585,16.9751,8.127,nan,61.5037,8.6817,nan,nan,0.0014,nan,0.0,0.0022,0.0022,0.0043,0.0014,nan,nan,nan,0.0,0.2278,0.3933,0.4301,0.4547,0.3209,0.3673
gn_ssr_imu,bench_gn_ssr_imu_r2,"TransFusion-L + SSR, IMU tilt",L,20,val,1.5382,1.1425,1.6553,2.3008,0.8993,0.8296,0.9811,0.8737,0.7425,0.6593,0.8567,0.703,38.1972,12.3051,43.254,33.7796,39.3919,nan,nan,0.1955,0.3202,0.0913,0.2095,0.2162,0.1384,0.2267,0.1868,0.1736,0.1657,0.2028,0.4768,0.7834,0.8612,0.8893,0.5831,0.8,101.3893,21.9311,132.1843,74.0496,93.7483,nan,nan,0.891,0.971,0.7757,0.8209,0.8561,0.9174,0.891,nan,nan,0.9918,0.8561,0.8919,0.8919,0.8919,0.8919,0.8919,0.8919,0.116,64.5738,nan,nan,0.3066,0.288,0.2156,0.341,0.1856,0.1393,0.4344,0.3085,0.4226,0.3845,0.2605,0.4721,0.3944,0.2143,0.6266,0.4357,0.5446,43.6888,13.6663,28.8513,60.9367,41.3638,nan,nan,0.2019,0.3689,0.0194,0.2258,0.2109,0.0105,0.2459,0.1845,0.0,0.1907,0.219,0.371,0.7176,0.7735,0.8057,0.5537,0.7375,132.7609,16.8013,nan,119.9128,137.5053,nan,nan,0.2444,nan,0.2346,0.2586,0.1563,0.0118,nan,nan,0.2444,0.3896,0.2641,0.3649,0.3137,0.3903,0.5163,0.0667,0.2813,6.8325,6.8325,nan,8.1001,6.5171,nan,nan,0.0004,nan,0.0,0.0009,0.0005,0.0,0.0005,nan,nan,nan,0.0004,0.0084,0.0162,0.0167,0.0197,0.0119,0.0167
gn_ssr_imu,bench_gn_ssr_imu_r2,"TransFusion-L + SSR, IMU tilt",L,20,test,1.4606,1.1017,1.5685,2.087,1.0139,0.9877,0.9512,1.2654,0.7627,0.7559,0.7074,0.9925,40.5702,12.3666,65.7011,47.576,31.37,nan,nan,0.2114,0.1958,0.1024,0.2715,0.2081,0.1405,0.1505,0.2554,0.2218,0.2149,0.2322,0.5567,0.8076,0.8773,0.8985,0.6268,0.8277,64.4182,27.0251,nan,64.9344,64.2279,nan,nan,0.7587,nan,0.6453,0.8221,0.7214,0.6175,0.7587,nan,nan,0.8938,0.7791,0.775,0.7796,0.7813,0.7813,0.7765,0.7793,0.1322,58.0491,nan,nan,0.2529,0.2272,0.1619,0.2924,0.1742,0.1578,0.3822,0.2797,0.3852,0.3569,0.2652,0.4663,0.4106,0.2454,0.5572,0.4296,0.5527,44.2172,14.2053,29.1393,41.7247,47.1169,nan,nan,0.2007,0.4818,0.041,0.213,0.1654,0.0089,0.2607,0.093,nan,0.2473,0.2423,0.3382,0.6059,0.6647,0.7231,0.4286,0.6074,121.4187,23.023,nan,122.055,nan,nan,nan,0.0938,nan,0.0955,nan,0.041,0.0428,nan,nan,0.0938,0.1729,0.1451,0.1823,0.3153,0.4072,0.4153,0.0755,0.3632,19.6212,7.5532,nan,57.0299,10.6623,nan,nan,0.0,nan,0.0,0.0,0.0,0.0,0.0,nan,nan,nan,0.0,0.0736,0.2551,0.304,0.3296,0.1786,0.2082
